id,name
277777809,"Điện thoại Samsung Galaxy A26 5G (8/128GB), Mặt lưng kính, AI-Circle to Search, Camera HDR chụp đêm sáng rõ - Hàng chính hãng"
277466537,Điện Thoại Samsung Galaxy A36 5G - Hàng Chính Hãng
279185974,Tai nghe nhét tai Samsung EO-IC100 Type C - Hàng Chính Hãng
277574339,Củ Sạc Samsung Không Kèm Cáp 25W - Hàng Chính Hãng
279257510,Điện Thoại Samsung Galaxy A57 5G ( 8GB/128GB) - Hàng Chính Hãng
279257510,Điện Thoại Samsung Galaxy A57 5G ( 8GB/128GB) - Hàng Chính Hãng
279257463,Điện Thoại Samsung Galaxy A37 5G (8GB/128GB) - Hàng Chính Hãng
279254865,Điện Thoại Xiaomi Redmi Note 15 Pro 5G 12GB/256GB - Hàng Chính Hãng
279254739,Điện Thoại Xiaomi Redmi 15 5G 8GB/256GB - Hàng Chính Hãng
279231976,Apple iPad Air M4 11-Inch Wi-Fi
278600678,"Điện Thoại Samsung Galaxy S25 FE (8/128GB), Concert Camera 50MP, Pin bền bỉ, Trợ thủ AI thông minh - Hàng chính hãng"
279185853,Điện Thoại Samsung Galaxy S26 Ultra (12GB/256GB) - Hàng Chính Hãng
279188180,Máy Tính Bảng Galaxy Tab S10 Lite Wifi (8GB/256GB) - Hàng Chính Hãng
278974811,Điện Thoại Samsung Galaxy A16 5G (4GB/128GB) -  Đã Kích Hoạt Bảo Hành Điện Tử -  Hàng Chính Hãng
279185812,Điện Thoại Samsung Galaxy S26 (12GB/256GB) - Hàng Chính Hãng
279204182,Apple iPhone 17e
279188180,Máy Tính Bảng Galaxy Tab S10 Lite Wifi (8GB/256GB) - Hàng Chính Hãng
279185853,Điện Thoại Samsung Galaxy S26 Ultra (12GB/256GB) - Hàng Chính Hãng
279185842,Điện Thoại Samsung Galaxy S26+ (12GB/256GB) - Hàng Chính Hãng
279185812,Điện Thoại Samsung Galaxy S26 (12GB/256GB) - Hàng Chính Hãng
279185842,Điện Thoại Samsung Galaxy S26+ (12GB/256GB) - Hàng Chính Hãng
279257463,Điện Thoại Samsung Galaxy A37 5G (8GB/128GB) - Hàng Chính Hãng
279122014,Điện thoại Xiaomi Redmi Note 15 Pro (12GB/256GB) - Hàng chính hãng
279121902,Điện Thoại Samsung Galaxy A07 5G - Hàng Chính Hãng
279077078, Điện thoại Oppo A5x (4GB/128GB) - Hàng chính hãng
279076941,Điện thoại Oppo A5x (4GB/64GB) - Hàng chính hãng
279076844,Điện Thoại Xiaomi Redmi Note 15 5G 6GB/128GB - Hàng Chính Hãng
279074841,Điện Thoại Xiaomi POCO C85 6GB/128GB - Hàng Chính Hãng
278917445,Điện thoại Honor X6c - Hàng Chính Hãng
278917392,Điện thoại Xiaomi Redmi Note 14 Pro 8GB/256GB - Hàng Chính Hãng
278917297,Điện thoại Xiaomi Redmi Note 14 5G 8GB/256GB - Hàng Chính Hãng
278890829,"Điện Thoại Samsung Galaxy A17 5G, Camera 50MP & IOS, Kính Cường Lực Gorilla Victus, AI Gemini - Hàng Chính Hãng"
278796276,Điện thoại Xiaomi Redmi 15 8GB/128GB - Hàng Chính Hãng
278630285,Apple iPhone Air - Xanh Da Trời - 256GB
278630241,Apple iPhone 17 - Xanh lam khói - 256GB
278628866,Apple iPhone 17 Pro Max
278628812,Apple iPhone 17 Pro
278600678,"Điện Thoại Samsung Galaxy S25 FE (8/128GB), Concert Camera 50MP, Pin bền bỉ, Trợ thủ AI thông minh - Hàng chính hãng"
278505394,"Điện Thoại Samsung Galaxy A17 LTE (8/128GB), Kính Cường Lực Gorilla Victus, Camera 50MP & IOS, AI Gemini - Hàng Chính Hãng"
277777809,"Điện thoại Samsung Galaxy A26 5G (8/128GB), Mặt lưng kính, AI-Circle to Search, Camera HDR chụp đêm sáng rõ - Hàng chính hãng"
277619147,Máy tính bảng iPad Gen 11 (A16) WiFi
277574339,Củ Sạc Samsung Không Kèm Cáp 25W - Hàng Chính Hãng
277466537,Điện Thoại Samsung Galaxy A36 5G - Hàng Chính Hãng
276448920,"Máy đọc sách Amazon Kindle Paperwhite 6 (Gen 12th), Mới nguyên Seal - Hàng chính hãng"
276110349,Apple iPhone 16
271530789,Combo Máy đọc sách All New Kindle Paperwhite 6 - Hàng chính hãng
201067649,Combo máy đọc sách Kindle Paperwhite 5 (11th gen) tặng kèm bao da ( Cover ) - Hàng nhập khẩu
197214029,Apple iPhone 14
184059211,Apple iPhone 13
163914808,Điện thoại bàn Panasonic  KX-TS500MX-hàng chính hãng
4048043,Điện Thoại Bàn Panasonic KX-TS500
1537601,Pin Sạc Dự Phòng Energizer 10.000mAh QC 3.0 UE10015CQ (Màu Ngẫu nhiên)
279185974,Tai nghe nhét tai Samsung EO-IC100 Type C - Hàng Chính Hãng
278600678,"Điện Thoại Samsung Galaxy S25 FE (8/128GB), Concert Camera 50MP, Pin bền bỉ, Trợ thủ AI thông minh - Hàng chính hãng"
277777809,"Điện thoại Samsung Galaxy A26 5G (8/128GB), Mặt lưng kính, AI-Circle to Search, Camera HDR chụp đêm sáng rõ - Hàng chính hãng"
277466537,Điện Thoại Samsung Galaxy A36 5G - Hàng Chính Hãng
277574339,Củ Sạc Samsung Không Kèm Cáp 25W - Hàng Chính Hãng
279314906,Điện thoại Xiaomi Redmi Note 15 Pro 8GB/256GB - Hàng Chính Hãng
279302057,Điện Thoại Samsung Galaxy A07 4GB/128GB + Kèm Cốc Sạc 15W - Hàng Chính Hãng
279277488,Điện thoại Samsung Galaxy A57 5G (8GB/128GB) - Hàng chính hãng
279211779,Điện thoại Samsung Galaxy A07 5G (4GB/128GB) - Hàng chính hãng
279173456,Điện Thoại Oppo A6 Pro 8GB/128GB - Hàng Chính Hãng
279257510,Điện Thoại Samsung Galaxy A57 5G ( 8GB/128GB) - Hàng Chính Hãng
279188180,Máy Tính Bảng Galaxy Tab S10 Lite Wifi (8GB/256GB) - Hàng Chính Hãng
278974811,Điện Thoại Samsung Galaxy A16 5G (4GB/128GB) -  Đã Kích Hoạt Bảo Hành Điện Tử -  Hàng Chính Hãng
279185853,Điện Thoại Samsung Galaxy S26 Ultra (12GB/256GB) - Hàng Chính Hãng
279185812,Điện Thoại Samsung Galaxy S26 (12GB/256GB) - Hàng Chính Hãng
279077613,Điện thoại OPPO Reno15 5G (12GB/256GB) - Hàng Chính Hãng
279076946,Điện Thoại Xiaomi Redmi Note 15 6GB/128GB - Hàng Chính Hãng
279076815,Điện thoại Xiaomi Poco M7 (6GB/128GB) - Hàng chính hãng
278994141,"Máy tính bảng Xiaomi Redmi Pad 2 11"" Wifi (4GB/128GB) - Hàng chính hãng"
278903685,Máy tính bảng Xiaomi Redmi Pad SE 8.7 Wifi (4GB/128GB) - Hàng chính hãng
279257463,Điện Thoại Samsung Galaxy A37 5G (8GB/128GB) - Hàng Chính Hãng
279185842,Điện Thoại Samsung Galaxy S26+ (12GB/256GB) - Hàng Chính Hãng
278901925,Máy tính bảng iPad Pro M5 13 inch WiFi
278882976,Máy Tính Bảng Samsung Galaxy Tab A11 WiFi 4GB/64GB - Đã Kích Hoạt Bảo Hành Điện Tử - Hàng Chính Hãng
278843825,Điện Thoại Xiaomi Redmi 15 6GB/128GB - Hàng Chính Hãng
278834233,Điện Thoại Xiaomi Redmi Note 14 8GB/256GB - Hàng Chính Hãng
278814651,Điện thoại Xiaomi Redmi 15C (6GB/128GB) - Hàng chính hãng
278730376,Máy tính bảng Samsung Galaxy Tab A11 Wifi (4GB/64GB) - Hàng chính hãng
278729165,Máy tính bảng Samsung Galaxy Tab A11 LTE (4GB/64GB) - Hàng chính hãng
278672823,Điện thoại Samsung Galaxy A17 LTE (8GB/128GB) - Hàng chính hãng
278665998,Điện Thoại Xiaomi Redmi 15 8GB/128GB - Hàng Chính Hãng
278635796,Điện Thoại Samsung Galaxy A17 8GB/128GB - Hàng Chính Hãng
278592403,Điện thoại Samsung Galaxy A07 LTE (4GB/64GB) - Hàng chính hãng
278591094,Điện thoại Samsung Galaxy A07 LTE (4GB/128GB) - Hàng chính hãng
278580633,Điện thoại Xiaomi Redmi 15 (8GB/128GB) - Hàng chính hãng
278500947,Điện Thoại Realme C71 4GB/128GB - Hàng Chính Hãng
277944378,Điện Thoại Xiaomi Redmi A5 3GB/64GB - Hàng Chính Hãng
277811118,Điện Thoại Xiaomi Redmi Note 14 5G 8GB/256GB - Hàng Chính Hãng
277751466,[MỚI] Điện thoại vivo V50 Lite (12GB/256GB) - Hàng chính hãng - Bảo hành 12 tháng - 1 Đổi 1 trong tháng đầu tiên
277737595,Điện Thoại Samsung Galaxy A06 5G 4GB/128GB - Hàng Chính Hãng
277728993,[MỚI] Điện thoại vivo Y04 (4GB+64GB) - Hàng chính hãng - 1 Đổi 1 trong tháng đầu tiên - Bảo hành 12 tháng
277607297,Điện thoại Smartphone Vivo Y19s siêu bền - RAM 4GB ROM 128GB - Màu đen và xanh - 5500mAh - Hàng chính hãng
277499293,Điện thoại Samsung Galaxy A56 5G (8GB/128GB) - Hàng chính hãng
277175913,Điện Thoại Xiaomi Redmi Note 14 6GB/128GB - Hàng Chính Hãng
276944868,Điện Thoại Samsung Galaxy A16 4GB/128GB - Hàng Chính Hãng
275386982,Điện Thoại Nokia 220 4G - Hàng Chính Hãng
274375122,Điện thoại Xiaomi Redmi Note 13 Pro 4G (8GB/128GB) - Hàng chính hãng
271362153,"Combo Máy đọc sách All New Kindle Paperwhite 5 (11th Gen) và Bao da FOR KIDS (Bản KIDS, Không Quảng Cáo) - Hàng chính hãng"
271234577,Điện Thoại Nokia 105 4G Pro - Hàng Chính Hãng
252586291,Máy đọc sách All New Kindle Paperwhite 5 (11th Gen) - Hàng chính hãng
249782771,Máy tính bảng Xelex Gama Tab X8 EDU (Hàng chính hãng)
193366048,Điện thoại OnePlus 10T 5G - Hàng Chính Hãng
279319829,Điện thoại Xiaomi Redmi 15 5G (8GB/256GB) - Hàng chính hãng
279293190,Máy tính bảng Xiaomi Redmi Pad SE 8.7 Wifi (6GB/128GB) - Hàng chính hãng
279280445,Điện thoại Xiaomi Redmi Note 15 Pro 5G (12GB/256GB) - Hàng chính hãng
279280385,Điện thoại Xiaomi Redmi Note 15 Pro (8GB/256GB) - Hàng chính hãng
279277445,Điện thoại Samsung Galaxy S26+ (12GB/512GB) - Hàng chính hãng
279277056,Điện thoại Samsung Galaxy S26+ (12GB/256GB) - Hàng chính hãng
279255062,Máy Tính Bảng Xiaomi Redmi Pad 2 Wifi 6GB/128GB - Hàng Chính Hãng
279247627,Điện thoại Xiaomi Redmi 15 5G (4GB/128GB) - Hàng chính hãng
279076808,Điện Thoại Xiaomi Redmi Note 15 Pro 12GB/256GB - Hàng Chính Hãng
279075947,Điện Thoại Oppo A6t 4GB/64GB - Hàng Chính Hãng
279075907,Điện Thoại Oppo Reno15 F 5G 8GB/256GB - Hàng Chính Hãng
279075666,Điện Thoại Xiaomi Redmi A5 4GB/128GB - Hàng Chính Hãng
279073856,Điện thoại Xiaomi Redmi Note 15 (6GB/128GB) - Hàng chính hãng
278902698,Điện thoại Xiaomi Poco C85 (6GB/128GB) - Hàng chính hãng
278884149,Điện thoại Realme Note 60x (3GB/64GB) - Hàng chính hãng
278831485,"Máy tính bảng Xiaomi Pad 7 11.2"" Wifi (8GB/256GB) - Hàng chính hãng"
278831443,"Máy tính bảng Xiaomi Redmi Pad 2 11"" Wifi (6GB/128GB) - Hàng chính hãng"
278814626,Điện thoại Xiaomi Redmi 15C (4GB/128GB) - Hàng chính hãng
278591193,Điện thoại Samsung Galaxy A17 5G (8GB/128GB) - Hàng chính hãng
278580531,Điện thoại Xiaomi Redmi 15 (6GB/128GB) - Hàng chính hãng
278540683,Điện Thoại Samsung Galaxy A17 5G 8GB/128GB - Hàng Chính Hãng
277962391,Điện thoại vivo Y28 (8GB+128GB) - Hàng chính hãng - 1 Đổi 1 tháng đầu tiên - Bảo hành 12 tháng
277878418,Điện thoại Xiaomi Redmi A5 (4GB/128GB) - Hàng chính hãng
277877804,Điện thoại Xiaomi Redmi A5 (3GB/64GB) - Hàng chính hãng
277776768,Điện thoại Oppo A3 (8GB/256GB) - Hàng chính hãng
277175955,Điện Thoại Xiaomi Redmi A3 3GB/64GB - Hàng Chính Hãng
276539826,"Máy đọc sách New Kindle 2024, 16Gb Mới nguyên Seal - Hàng chính hãng"
276451993,"Máy đọc sách Basic 2024 màn hình 6 inch, độ phân giải 300ppi, dung Lượng 16GB, cổng sạc type C - HÀNG CHÍNH HÃNG"
276440892,[MỚI] Điện thoại vivo Y19s (8GB+128GB) - 1 Đổi 1 trong tháng đầu tiên - Bảo hành chính hãng 12 tháng - Hàng Chính Hãng
275386649,Điện Thoại Nokia 3210 4G - Hàng Chính Hãng
226552005,Điện thoại bàn Panasonic KX-TSC11 hàng chính hãng
196197701,Điện thoại Samsung Galaxy Z Fold4 5G (12GB/256GB) - Hàng chính hãng
181927774,Điện thoại bàn Panasonic KX-TGD310 hàng chính hãng
173789184,Điện thoại bàn treo tường TC990
172537996,"(Hàng chính hãng) Điện thoại bàn hữu tuyến H2P, hiệu Alcatel - Lucent"
164213695,Điện thoại bàn Panasonic KX-TGB110 hàng chính hãng
156222386,Điện thoại Panasonic KX-TS520MX -Hàng chính hãng
94453667,Điện thoại VoIP Yealink SIP-T30
29440849,điện thoại  IP622C - hàng chính hãng
4048581,Điện Thoại Bàn Panasonic KX-TSC11
279314917,Điện thoại Xiaomi Redmi Note 15 Pro 12GB/256GB - Hàng Chính Hãng
279314684,Điện thoại Xiaomi Redmi 15 5G 4GB/128GB - Hàng Chính Hãng
279303035,Điện Thoại Xiaomi POCO X8 Pro Max  5G 12GB/512GB - Hàng Chính Hãng
279302041,Điện Thoại Samsung Galaxy A37 5G 8GB/128GB - Hàng Chính Hãng
279297038,Điện Thoại Samsung Galaxy A57 5G 8GB/128GB - Hàng Chính Hãng
279292877,"Máy tính bảng Xiaomi Redmi Pad 2 11"" 4G (4GB/128GB) - Hàng chính hãng"
279292815,"Máy tính bảng Xiaomi Redmi Pad 2 Pro 12.1"" Wifi (6GB/128GB) - Hàng chính hãng"
279185974,Tai nghe nhét tai Samsung EO-IC100 Type C - Hàng Chính Hãng
279174132,Máy Tính Bảng Samsung Galaxy Tab A11 Wifi 4GB/64GB - Hàng Chính Hãng
279075815,Điện Thoại Xiaomi POCO C71 3GB/64GB - Hàng Chính Hãng
278974811,Điện Thoại Samsung Galaxy A16 5G (4GB/128GB) -  Đã Kích Hoạt Bảo Hành Điện Tử -  Hàng Chính Hãng
278833664,Điện Thoại Samsung Galaxy A07 4GB/64GB - Hàng Chính Hãng
277944334,Điện Thoại Samsung Galaxy A06 5G 4GB/64GB - Hàng Chính Hãng
275504716,Điện Thoại Xiaomi Redmi A3 4GB/128GB - Hàng Chính Hãng
270794184,"Máy đọc sách Kobo Clara (Clara Colour, Clara BW, Clara 2e, Clara HD) - 6inch, 16gb - Hàng Chính Hãng"
181928208,Điện thoại bàn Panasonic KX-TGC310 hàng chính hãng
181928189,Điện thoại bàn Panasonic KX-TGC312 hàng chính hãng
181927736,Điện thoại bàn Panasonix KX-TGD312 hàng chính hãng
181927718,Điện thoại bàn Panasonic KX-TGC313 hàng chính hãng
140940220,Máy đọc sách Kobo Sage - hàng nhập khẩu
139632023,"Máy đọc sách Kobo Libra (Libra Colour, Libra 2) - hàng nhập khẩu"
117347869,ĐIỆN THOẠI HỘI NGHỊ YEALINK CP960 -HÀNG CHÍNH HÃNG
102620086,Điện thoại VoIP Yealink SIP-T30 - Hàng Chính Hãng
53380152,Điện Thoại IP Phone Fanvil X1S - Hàng Chính Hãng
